{
    "best_threshold": 0.3,
    "precision": 0.37681159420289856,
    "recall": 0.7932203389830509,
    "f1_score": 0.5109170305676856
}